L24_V035,912
L24_V035,222
L24_V035,608
L24_V035,1671
L24_V035,1520
L24_V035,902
L24_V035,212
L24_V035,598
L24_V035,1661
L24_V035,1510
L24_V035,922
L24_V035,232
L24_V035,618
L24_V035,1681
L24_V035,1530
L24_V035,892
L24_V035,202
L24_V035,588
L24_V035,1651
L24_V035,1500
L24_V035,932
L24_V035,242
L24_V035,628
L24_V035,1691
L24_V035,1540
L24_V035,882
L24_V035,192
L24_V035,578
L24_V035,1641
L24_V035,1490
L24_V035,942
L24_V035,252
L24_V035,638
L24_V035,1701
L24_V035,1550
L24_V035,872
L24_V035,182
L24_V035,568
L24_V035,1631
L24_V035,1480
L24_V035,952
L24_V035,262
L24_V035,648
L24_V035,1711
L24_V035,1560
L24_V035,862
L24_V035,172
L24_V035,558
L24_V035,1621
L24_V035,1470
L24_V035,962
L24_V035,272
L24_V035,658
L24_V035,1721
L24_V035,1570
L24_V035,852
L24_V035,162
L24_V035,548
L24_V035,1611
L24_V035,1460
L24_V035,972
L24_V035,282
L24_V035,668
L24_V035,1731
L24_V035,1580
L24_V035,842
L24_V035,152
L24_V035,538
L24_V035,1601
L24_V035,1450
L24_V035,982
L24_V035,292
L24_V035,678
L24_V035,1741
L24_V035,1590
L24_V035,832
L24_V035,142
L24_V035,528
L24_V035,1591
L24_V035,1440
L24_V035,992
L24_V035,302
L24_V035,688
L24_V035,1751
L24_V035,1600
L24_V035,822
L24_V035,132
L24_V035,518
L24_V035,1581
L24_V035,1430
L24_V035,1002
L24_V035,312
L24_V035,698
L24_V035,1761
L24_V035,1610
L24_V035,812
L24_V035,122
L24_V035,508
L24_V035,1571
L24_V035,1420