L24_V024,9785,10135,10191
L24_V024,9780,10130,10186
L24_V024,9790,10140,10196
L24_V024,9785,10135,10186
L24_V024,9785,10135,10196
L24_V024,9785,10130,10191
L24_V024,9785,10140,10191
L24_V024,9780,10135,10191
L24_V024,9790,10135,10191
L24_V024,9775,10125,10181
L24_V024,9795,10145,10201
L24_V024,9785,10135,10181
L24_V024,9785,10135,10201
L24_V024,9785,10125,10191
L24_V024,9785,10145,10191
L24_V024,9775,10135,10191
L24_V024,9795,10135,10191
L24_V024,9770,10120,10176
L24_V024,9800,10150,10206
L24_V024,9785,10135,10176
L24_V024,9785,10135,10206
L24_V024,9785,10120,10191
L24_V024,9785,10150,10191
L24_V024,9770,10135,10191
L24_V024,9800,10135,10191
L24_V024,9765,10115,10171
L24_V024,9805,10155,10211
L24_V024,9785,10135,10171
L24_V024,9785,10135,10211
L24_V024,9785,10115,10191
L24_V024,9785,10155,10191
L24_V024,9765,10135,10191
L24_V024,9805,10135,10191
L24_V024,9760,10110,10166
L24_V024,9810,10160,10216
L24_V024,9785,10135,10166
L24_V024,9785,10135,10216
L24_V024,9785,10110,10191
L24_V024,9785,10160,10191
L24_V024,9760,10135,10191
L24_V024,9810,10135,10191
L24_V024,9755,10105,10161
L24_V024,9815,10165,10221
L24_V024,9785,10135,10161
L24_V024,9785,10135,10221
L24_V024,9785,10105,10191
L24_V024,9785,10165,10191
L24_V024,9755,10135,10191
L24_V024,9815,10135,10191
L24_V024,9750,10100,10156
L24_V024,9820,10170,10226
L24_V024,9785,10135,10156
L24_V024,9785,10135,10226
L24_V024,9785,10100,10191
L24_V024,9785,10170,10191
L24_V024,9750,10135,10191
L24_V024,9820,10135,10191
L24_V024,9745,10095,10151
L24_V024,9825,10175,10231
L24_V024,9785,10135,10151
L24_V024,9785,10135,10231
L24_V024,9785,10095,10191
L24_V024,9785,10175,10191
L24_V024,9745,10135,10191
L24_V024,9825,10135,10191
L24_V024,9740,10090,10146
L24_V024,9830,10180,10236
L24_V024,9785,10135,10146
L24_V024,9785,10135,10236
L24_V024,9785,10090,10191
L24_V024,9785,10180,10191
L24_V024,9740,10135,10191
L24_V024,9830,10135,10191
L24_V024,9735,10085,10141
L24_V024,9835,10185,10241
L24_V024,9785,10135,10141
L24_V024,9785,10135,10241
L24_V024,9785,10085,10191
L24_V024,9785,10185,10191
L24_V024,9735,10135,10191
L24_V024,9835,10135,10191
L24_V024,9730,10080,10136
L24_V024,9840,10190,10246
L24_V024,9785,10135,10136
L24_V024,9785,10135,10246
L24_V024,9785,10080,10191
L24_V024,9785,10190,10191
L24_V024,9730,10135,10191
L24_V024,9840,10135,10191
L24_V024,9725,10075,10131
L24_V024,9845,10195,10251
L24_V024,9785,10135,10131
L24_V024,9785,10135,10251
L24_V024,9785,10075,10191
L24_V024,9785,10195,10191
L24_V024,9725,10135,10191
L24_V024,9845,10135,10191
L24_V024,9720,10070,10126
L24_V024,9850,10200,10256
L24_V024,9785,10135,10126